关键词,标题,作者,作者粉丝数,点赞,收藏,评论,收藏/点赞,页数,标题字数,前8字,含数字,含我,以“人，”呼唤,含提问,封面/形式(只描述),备注
动物口吻,人，进来听小猫训话,别都吃了！猫,35045,50241,6766,2661,0.13,6,9,人，进来听小猫训,否,否,是,否,"白底;黑色手写粗体大字(上方约40%)+灰色简笔胖猫(下半);无其他色;3:4;首页文字「人,你把自己养得很差。」",手绘;话题含#你超棒#记得爱自己;作者近10篇点赞中位数86
动物口吻,当明星的灵魂住进动物身体里,Connie Kang,未知,55671,6079,1472,0.11,5,13,当明星的灵魂住进,否,否,否,否,未亲眼看封面;图尺寸2550x3300;正文自述为手绘角色设计,"非抚慰类,是明星动物化插画;评论全是点名求画"
动物口吻,妈妈总说我是个“逆子”🐱,咪发哩噗,21255,22722,2357,997,0.1,11,12,妈妈总说我是个“,否,是,否,否,漫画分格(首页两格):猫(第一人称)+人;黑线条+浅色;每格下方一行黑字说明,带#ai绘画#话题;作者近10篇点赞中位数1762
动物口吻,采访一只哈士奇，精神状态很美丽～,是年年呀🐱,未知,2735,711,187,0.26,未知,16,采访一只哈士奇，,否,否,否,否,未看,未取详情
猫的口吻,小猫文学｜养猫的人才能懂,野生0花,19096,1638,1121,42,0.68,5,12,小猫文学｜养猫的,否,否,否,否,"真猫照片(睡眼)满版+上方手写黑字3行「人,觉得累的时候/可以跟我一起/咪一会儿」;暖灰绿底;1080x1440",文案类;作者近10篇点赞中位数295
猫的口吻,永远为“小猫文学”心动 （一）🐾,毛茸茸治愈局,41,798,446,2,0.56,未知,16,永远为“小猫文学,否,否,否,否,未看,"作者41粉,近10篇点赞中位数17"
猫的口吻,周五，感觉大事很“喵”,野生0花,19096,803,407,27,0.51,未知,11,周五，感觉大事很,否,否,否,否,未看,野生0花
猫的口吻,猫的to签｜猫说，人，不必迎合任何人,水青手绘字体,10318,553,273,6,0.49,10,18,猫的to签｜猫说,否,否,否,否,未亲眼看;图尺寸1920x2560;正文中英对照鼓励句,手绘to签;简介挂手绘字体课
猫的口吻,人，进来这里有咪给你写的一封信💌❤️,写诗的赵铁柱,124809,1007,258,81,0.26,7,18,人，进来这里有咪,否,否,是,否,"真猫特写照片(碗边仰拍)+上方橙色手写字「人,可以邀请你做我的饭搭子吗…」;1080x1440",正文含【原文】喵喵…【翻译】人:…;作者近10篇点赞中位数840
猫的口吻,最近很🔥的猫咪文案，👍收藏吧,家有猫狗球小蛋,未知,295,158,30,0.54,未知,14,最近很🔥的猫咪文,否,否,否,否,未看,未取详情
猫的口吻,🐈：喵生哲学，人，你悟了吗？,文案星河✨,未知,219,139,1,0.63,未知,14,🐈：喵生哲学，人,否,否,是,是,未看,未取详情
猫的口吻,任何句子换成咪都会变得很可爱｜小猫文案,山桃喵喵,未知,179,96,3,0.54,未知,19,任何句子换成咪都,否,否,否,否,未看,未取详情
猫的口吻,《人，咪的悄悄话》,夕夕和咪咪的基米生活,37,300,123,7,0.41,未知,9,《人，咪的悄悄话,否,否,否,否,未看,"作者37粉,近10篇点赞中位数3"
社恐,内向友好：几个日常小练习，慢慢改善沟通呆滞,闪闪发光的我们,未知,2906,2842,12,0.98,11,21,内向友好：几个日,否,否,否,否,未亲眼看;1242x1656,"真人干货清单类,不是动物口吻;收藏/点赞≈0.98"
社恐,社恐都有一个共同特征：躲,金圣轩运营课堂,未知,1233,652,152,0.53,未知,12,社恐都有一个共同,否,否,否,否,未看,运营课账号
社恐,不止社恐，原来这些全是“社交焦虑”🦊,林间聊愈室-AI心灵伙伴,未知,660,261,11,0.4,未知,18,不止社恐，原来这,否,否,否,否,未看,标注AI心灵伙伴类账号名
慢热,慢热型人格｜不是冷淡，是防备重缺少安全感,杉杉情绪自修室,未知,420,157,8,0.37,未知,20,慢热型人格｜不是,否,否,否,否,未看,
乌龟,龟生得意须尽欢，能缩一天是一天！,墨上有点皮,未知,158,83,12,0.53,未知,16,龟生得意须尽欢，,否,否,否,否,未看,"乌龟口吻/文案,唯一一条"
乌龟,人生，要像乌龟一样去活着,KK专注结构拆解,未知,346,257,13,0.74,未知,12,人生，要像乌龟一,否,否,否,否,未看,说理类
情绪价值,如果爱情不需要提供情绪价值,cici,未知,3016,1901,106,0.63,未知,13,如果爱情不需要提,否,否,否,否,未看,"非动物口吻,情绪价值话题热门"
